StackName,Status,Createdtime,Region
cloudformation-stack-01,CREATE_COMPLETE,2020-12-17 14:36:06.246000+00:00,us-west-2
cloudformation-stack-02,CREATE_COMPLETE,2020-12-17 14:22:53.553000+00:00,us-west-2
cloudformation-stack-03,CREATE_COMPLETE,2020-12-17 14:20:24.669000+00:00,us-west-2
cloudformation-stack-04,CREATE_COMPLETE,2020-12-17 07:22:33.383000+00:00,us-west-2
cloudformation-stack-05,CREATE_COMPLETE,2020-12-17 07:11:47.947000+00:00,us-west-2
cloudformation-stack-06,CREATE_COMPLETE,2020-12-17 07:09:20.644000+00:00,us-west-2
cloudformation-stack-07,CREATE_COMPLETE,2020-12-15 23:49:10.470000+00:00,us-west-2
cloudformation-stack-08,CREATE_COMPLETE,2020-12-15 23:46:42.750000+00:00,us-west-2
cloudformation-stack-09,CREATE_COMPLETE,2020-12-14 04:43:20.315000+00:00,us-west-2
cloudformation-stack-10,CREATE_COMPLETE,2020-12-14 04:30:48.671000+00:00,us-west-2
cloudformation-stack-11,CREATE_COMPLETE,2020-12-14 04:28:22.342000+00:00,us-west-2
cloudformation-stack-12,DELETE_FAILED,2020-12-10 23:36:08.148000+00:00,us-west-2
cloudformation-stack-13,CREATE_COMPLETE,2020-12-10 23:27:01+00:00,us-west-2
cloudformation-stack-14,CREATE_COMPLETE,2020-12-08 20:07:47.069000+00:00,us-west-2
cloudformation-stack-15,CREATE_COMPLETE,2020-12-08 19:51:24.680000+00:00,us-west-2
cloudformation-stack-16,CREATE_COMPLETE,2020-12-08 19:48:53.923000+00:00,us-west-2
cloudformation-stack-17,CREATE_COMPLETE,2020-12-08 06:59:58.755000+00:00,us-west-2
cloudformation-stack-18,CREATE_COMPLETE,2020-12-08 06:48:50.163000+00:00,us-west-2
cloudformation-stack-19,CREATE_COMPLETE,2020-12-08 06:46:20.695000+00:00,us-west-2
cloudformation-stack-20,CREATE_COMPLETE,2020-12-03 10:01:04.358000+00:00,us-west-2
cloudformation-stack-21,CREATE_COMPLETE,2020-12-03 09:55:20.140000+00:00,us-west-2
cloudformation-stack-22,CREATE_COMPLETE,2020-12-03 09:52:51.732000+00:00,us-west-2
cloudformation-stack-23,CREATE_COMPLETE,2020-12-02 14:38:47.005000+00:00,us-west-2
cloudformation-stack-24,CREATE_COMPLETE,2020-12-02 14:25:00.215000+00:00,us-west-2
cloudformation-stack-25,CREATE_COMPLETE,2020-12-02 14:22:29.471000+00:00,us-west-2
cloudformation-stack-26,CREATE_COMPLETE,2020-11-23 14:31:45.535000+00:00,us-west-2
cloudformation-stack-27,CREATE_COMPLETE,2020-11-23 13:55:38.693000+00:00,us-west-2
cloudformation-stack-28,CREATE_COMPLETE,2020-11-23 13:53:09.991000+00:00,us-west-2
cloudformation-stack-29,CREATE_COMPLETE,2020-11-18 12:55:07.957000+00:00,us-west-2
cloudformation-stack-30,CREATE_COMPLETE,2020-11-18 12:41:55.949000+00:00,us-west-2
cloudformation-stack-31,CREATE_COMPLETE,2020-11-18 12:39:27.014000+00:00,us-west-2
cloudformation-stack-32,CREATE_COMPLETE,2020-11-13 07:01:39.356000+00:00,us-west-2
cloudformation-stack-33,CREATE_COMPLETE,2020-11-13 06:49:36.811000+00:00,us-west-2
cloudformation-stack-34,CREATE_COMPLETE,2020-11-13 06:47:08.157000+00:00,us-west-2
cloudformation-stack-35,CREATE_COMPLETE,2020-11-07 00:45:00.851000+00:00,us-west-2
cloudformation-stack-36,CREATE_COMPLETE,2020-11-07 00:32:48.159000+00:00,us-west-2
cloudformation-stack-37,CREATE_COMPLETE,2020-11-07 00:19:08.722000+00:00,us-west-2
cloudformation-stack-38,CREATE_COMPLETE,2020-11-07 00:16:33.600000+00:00,us-west-2
cloudformation-stack-39,CREATE_COMPLETE,2020-11-05 09:14:39.322000+00:00,us-west-2
cloudformation-stack-40,CREATE_COMPLETE,2020-11-05 09:08:38.021000+00:00,us-west-2
cloudformation-stack-41,CREATE_COMPLETE,2020-11-05 09:06:07.609000+00:00,us-west-2
cloudformation-stack-42,CREATE_COMPLETE,2020-11-03 18:07:16.456000+00:00,us-west-2
cloudformation-stack-43,CREATE_COMPLETE,2020-11-03 18:01:37.277000+00:00,us-west-2
cloudformation-stack-44,CREATE_COMPLETE,2020-11-03 18:01:02.024000+00:00,us-west-2
cloudformation-stack-45,CREATE_COMPLETE,2020-11-03 17:58:32.861000+00:00,us-west-2
cloudformation-stack-46,CREATE_COMPLETE,2020-11-03 17:56:50.707000+00:00,us-west-2
cloudformation-stack-47,CREATE_COMPLETE,2020-11-03 17:55:58.764000+00:00,us-west-2
cloudformation-stack-48,CREATE_COMPLETE,2020-11-03 17:53:29.237000+00:00,us-west-2
cloudformation-stack-49,CREATE_COMPLETE,2020-11-03 17:50:01.906000+00:00,us-west-2
cloudformation-stack-50,CREATE_COMPLETE,2020-11-03 17:47:31.749000+00:00,us-west-2
cloudformation-stack-51,CREATE_COMPLETE,2020-11-03 12:32:18.256000+00:00,us-west-2
cloudformation-stack-52,CREATE_COMPLETE,2020-11-03 12:29:12.391000+00:00,us-west-2
cloudformation-stack-53,CREATE_COMPLETE,2020-11-03 12:26:35.784000+00:00,us-west-2
cloudformation-stack-54,CREATE_COMPLETE,2020-11-03 12:24:06.906000+00:00,us-west-2
cloudformation-stack-55,CREATE_COMPLETE,2020-11-03 12:21:44.533000+00:00,us-west-2
cloudformation-stack-56,CREATE_COMPLETE,2020-11-03 12:19:14.429000+00:00,us-west-2
cloudformation-stack-57,CREATE_COMPLETE,2020-11-03 09:29:14.243000+00:00,us-west-2
cloudformation-stack-58,CREATE_COMPLETE,2020-11-03 09:23:43.393000+00:00,us-west-2
cloudformation-stack-59,CREATE_COMPLETE,2020-11-03 09:21:14.656000+00:00,us-west-2
cloudformation-stack-60,DELETE_FAILED,2020-10-28 18:59:04.549000+00:00,us-west-2
cloudformation-stack-61,CREATE_COMPLETE,2020-10-28 18:45:36.023000+00:00,us-west-2
cloudformation-stack-62,CREATE_COMPLETE,2020-10-28 18:43:03.752000+00:00,us-west-2
cloudformation-stack-63,CREATE_COMPLETE,2020-10-28 13:47:53.906000+00:00,us-west-2
cloudformation-stack-64,CREATE_COMPLETE,2020-10-28 13:32:48.623000+00:00,us-west-2
cloudformation-stack-65,CREATE_COMPLETE,2020-10-28 13:30:18.739000+00:00,us-west-2
cloudformation-stack-66,CREATE_COMPLETE,2020-10-20 07:28:35.506000+00:00,us-west-2
cloudformation-stack-67,CREATE_COMPLETE,2020-10-20 07:13:48.281000+00:00,us-west-2
cloudformation-stack-68,CREATE_COMPLETE,2020-10-20 07:11:19.967000+00:00,us-west-2
cloudformation-stack-69,CREATE_COMPLETE,2020-10-16 07:33:22.481000+00:00,us-west-2
cloudformation-stack-70,CREATE_COMPLETE,2020-10-16 07:16:57.375000+00:00,us-west-2
cloudformation-stack-71,CREATE_COMPLETE,2020-10-16 07:15:09.029000+00:00,us-west-2
cloudformation-stack-72,CREATE_COMPLETE,2020-10-16 07:14:28.754000+00:00,us-west-2
cloudformation-stack-73,CREATE_COMPLETE,2020-10-16 07:07:16.368000+00:00,us-west-2
cloudformation-stack-74,CREATE_COMPLETE,2020-10-16 07:04:45.808000+00:00,us-west-2
cloudformation-stack-75,CREATE_COMPLETE,2020-10-14 07:22:33.093000+00:00,us-west-2
cloudformation-stack-76,CREATE_COMPLETE,2020-10-14 07:06:18.975000+00:00,us-west-2
cloudformation-stack-77,CREATE_COMPLETE,2020-10-14 07:03:48.114000+00:00,us-west-2
cloudformation-stack-78,CREATE_COMPLETE,2020-10-09 07:36:07.203000+00:00,us-west-2
cloudformation-stack-79,CREATE_COMPLETE,2020-10-09 07:19:47.688000+00:00,us-west-2
cloudformation-stack-80,CREATE_COMPLETE,2020-10-09 07:17:18.072000+00:00,us-west-2
cloudformation-stack-81,CREATE_COMPLETE,2020-10-08 19:22:35.398000+00:00,us-west-2
cloudformation-stack-82,CREATE_COMPLETE,2020-10-08 19:10:20.054000+00:00,us-west-2
cloudformation-stack-83,CREATE_COMPLETE,2020-10-08 19:07:49.135000+00:00,us-west-2
cloudformation-stack-84,CREATE_COMPLETE,2020-10-06 21:14:40.403000+00:00,us-west-2
cloudformation-stack-85,CREATE_COMPLETE,2020-10-06 20:59:33.767000+00:00,us-west-2
cloudformation-stack-86,CREATE_COMPLETE,2020-10-06 20:57:04.087000+00:00,us-west-2
cloudformation-stack-87,CREATE_COMPLETE,2020-10-02 14:26:00.761000+00:00,us-west-2
cloudformation-stack-88,CREATE_COMPLETE,2020-10-02 14:20:09.394000+00:00,us-west-2
cloudformation-stack-89,CREATE_COMPLETE,2020-10-02 14:14:09.376000+00:00,us-west-2
cloudformation-stack-90,CREATE_COMPLETE,2020-10-02 14:09:11.575000+00:00,us-west-2
cloudformation-stack-91,CREATE_COMPLETE,2020-10-02 14:06:41.005000+00:00,us-west-2
cloudformation-stack-92,CREATE_COMPLETE,2020-10-02 14:04:06.762000+00:00,us-west-2
cloudformation-stack-93,CREATE_COMPLETE,2020-10-02 14:01:37.236000+00:00,us-west-2
cloudformation-stack-94,CREATE_COMPLETE,2020-10-02 13:59:03.378000+00:00,us-west-2
cloudformation-stack-95,CREATE_COMPLETE,2020-10-02 13:56:34.519000+00:00,us-west-2
cloudformation-stack-96,CREATE_COMPLETE,2020-10-02 01:59:13.388000+00:00,us-west-2
cloudformation-stack-97,CREATE_COMPLETE,2020-10-02 01:43:39.689000+00:00,us-west-2
cloudformation-stack-98,CREATE_COMPLETE,2020-10-02 01:41:10.826000+00:00,us-west-2
cloudformation-stack-99,CREATE_COMPLETE,2020-10-02 01:35:56.375000+00:00,us-west-2
cloudformation-stack-100,CREATE_COMPLETE,2020-10-02 01:17:32.807000+00:00,us-west-2
cloudformation-stack-101,CREATE_COMPLETE,2020-10-02 01:15:01.256000+00:00,us-west-2
cloudformation-stack-102,CREATE_COMPLETE,2020-10-02 01:14:08.382000+00:00,us-west-2
cloudformation-stack-103,CREATE_COMPLETE,2020-10-02 00:56:19.117000+00:00,us-west-2
cloudformation-stack-104,CREATE_COMPLETE,2020-10-02 00:53:50.553000+00:00,us-west-2
cloudformation-stack-105,CREATE_COMPLETE,2020-10-01 21:57:42.405000+00:00,us-west-2
cloudformation-stack-106,CREATE_COMPLETE,2020-10-01 21:39:15.467000+00:00,us-west-2
cloudformation-stack-107,CREATE_COMPLETE,2020-10-01 21:36:44.816000+00:00,us-west-2
cloudformation-stack-108,CREATE_COMPLETE,2020-10-01 21:14:44.959000+00:00,us-west-2
cloudformation-stack-109,CREATE_COMPLETE,2020-10-01 20:59:04.175000+00:00,us-west-2
cloudformation-stack-110,CREATE_COMPLETE,2020-10-01 20:56:33.149000+00:00,us-west-2
cloudformation-stack-111,CREATE_COMPLETE,2020-10-01 19:33:35.297000+00:00,us-west-2
cloudformation-stack-112,CREATE_COMPLETE,2020-10-01 19:17:54.271000+00:00,us-west-2
cloudformation-stack-113,CREATE_COMPLETE,2020-10-01 19:15:21.753000+00:00,us-west-2
cloudformation-stack-114,CREATE_COMPLETE,2020-09-29 11:50:32.044000+00:00,us-west-2
cloudformation-stack-115,CREATE_COMPLETE,2020-09-29 11:38:50.715000+00:00,us-west-2
cloudformation-stack-116,CREATE_COMPLETE,2020-09-29 11:36:19.541000+00:00,us-west-2
cloudformation-stack-117,CREATE_COMPLETE,2020-09-27 16:48:23.712000+00:00,us-west-2
cloudformation-stack-118,CREATE_COMPLETE,2020-09-27 16:35:28.420000+00:00,us-west-2
cloudformation-stack-119,CREATE_COMPLETE,2020-09-27 16:32:59.399000+00:00,us-west-2
cloudformation-stack-120,CREATE_COMPLETE,2020-09-25 09:53:38.693000+00:00,us-west-2
cloudformation-stack-121,CREATE_COMPLETE,2020-09-25 09:39:19.180000+00:00,us-west-2
cloudformation-stack-122,CREATE_COMPLETE,2020-09-25 09:36:49.634000+00:00,us-west-2
cloudformation-stack-123,CREATE_COMPLETE,2020-09-18 15:40:40.669000+00:00,us-west-2
cloudformation-stack-124,CREATE_COMPLETE,2020-09-18 15:27:52.500000+00:00,us-west-2
cloudformation-stack-125,CREATE_COMPLETE,2020-09-18 15:25:21.704000+00:00,us-west-2
cloudformation-stack-126,CREATE_COMPLETE,2020-09-09 06:34:19.201000+00:00,us-west-2
cloudformation-stack-127,CREATE_COMPLETE,2020-09-09 06:21:54.187000+00:00,us-west-2
cloudformation-stack-128,CREATE_COMPLETE,2020-09-09 06:19:24.980000+00:00,us-west-2
cloudformation-stack-129,CREATE_COMPLETE,2020-09-01 06:12:11.913000+00:00,us-west-2
cloudformation-stack-130,CREATE_COMPLETE,2020-09-01 06:00:50.402000+00:00,us-west-2
cloudformation-stack-131,CREATE_COMPLETE,2020-09-01 05:58:22.278000+00:00,us-west-2
cloudformation-stack-132,CREATE_COMPLETE,2020-08-28 07:55:40.913000+00:00,us-west-2
cloudformation-stack-133,CREATE_COMPLETE,2020-08-28 07:43:53.643000+00:00,us-west-2
cloudformation-stack-134,CREATE_COMPLETE,2020-08-28 07:41:21.779000+00:00,us-west-2
cloudformation-stack-135,CREATE_COMPLETE,2020-08-06 07:51:30.948000+00:00,us-west-2
cloudformation-stack-136,CREATE_COMPLETE,2020-08-06 07:40:29.965000+00:00,us-west-2
cloudformation-stack-137,CREATE_COMPLETE,2020-08-06 07:37:53.379000+00:00,us-west-2
cloudformation-stack-138,CREATE_COMPLETE,2020-07-27 15:07:51.335000+00:00,us-west-2
cloudformation-stack-139,CREATE_COMPLETE,2020-07-27 14:56:07.831000+00:00,us-west-2
cloudformation-stack-140,CREATE_COMPLETE,2020-07-27 14:53:37.013000+00:00,us-west-2
cloudformation-stack-141,CREATE_COMPLETE,2020-07-16 19:13:29.042000+00:00,us-west-2
cloudformation-stack-142,CREATE_COMPLETE,2020-07-16 19:07:40.166000+00:00,us-west-2
cloudformation-stack-143,CREATE_COMPLETE,2020-07-16 19:05:09.417000+00:00,us-west-2
cloudformation-stack-144,CREATE_COMPLETE,2020-07-16 18:30:20.841000+00:00,us-west-2
cloudformation-stack-145,CREATE_COMPLETE,2020-07-16 18:25:20.140000+00:00,us-west-2
cloudformation-stack-146,CREATE_COMPLETE,2020-07-16 18:23:20.268000+00:00,us-west-2
cloudformation-stack-147,CREATE_COMPLETE,2020-07-16 18:22:50.531000+00:00,us-west-2
cloudformation-stack-148,CREATE_COMPLETE,2020-07-16 18:18:11.391000+00:00,us-west-2
cloudformation-stack-149,CREATE_COMPLETE,2020-07-16 18:15:41.432000+00:00,us-west-2
cloudformation-stack-150,CREATE_COMPLETE,2020-07-16 18:07:42.121000+00:00,us-west-2
cloudformation-stack-151,CREATE_COMPLETE,2020-07-16 18:02:21.094000+00:00,us-west-2
cloudformation-stack-152,CREATE_COMPLETE,2020-07-16 17:59:50.757000+00:00,us-west-2
cloudformation-stack-153,CREATE_COMPLETE,2020-07-16 17:19:22.110000+00:00,us-west-2
cloudformation-stack-154,CREATE_COMPLETE,2020-07-16 17:14:02.431000+00:00,us-west-2
cloudformation-stack-155,CREATE_COMPLETE,2020-07-16 17:13:38.689000+00:00,us-west-2
cloudformation-stack-156,CREATE_COMPLETE,2020-07-16 17:11:32.491000+00:00,us-west-2
cloudformation-stack-157,CREATE_COMPLETE,2020-07-16 17:07:33.350000+00:00,us-west-2
cloudformation-stack-158,CREATE_COMPLETE,2020-07-16 17:05:02.051000+00:00,us-west-2
cloudformation-stack-159,CREATE_COMPLETE,2020-07-16 16:39:14.034000+00:00,us-west-2
cloudformation-stack-160,CREATE_COMPLETE,2020-07-16 16:34:53.951000+00:00,us-west-2
cloudformation-stack-161,CREATE_COMPLETE,2020-07-16 16:33:58.058000+00:00,us-west-2
cloudformation-stack-162,CREATE_COMPLETE,2020-07-16 16:31:27.469000+00:00,us-west-2
cloudformation-stack-163,CREATE_COMPLETE,2020-07-16 16:29:19.302000+00:00,us-west-2
cloudformation-stack-164,CREATE_COMPLETE,2020-07-16 16:26:49.706000+00:00,us-west-2
cloudformation-stack-165,CREATE_COMPLETE,2020-07-16 15:03:26.260000+00:00,us-west-2
cloudformation-stack-166,CREATE_COMPLETE,2020-07-16 14:58:04.777000+00:00,us-west-2
cloudformation-stack-167,CREATE_COMPLETE,2020-07-16 14:55:33.665000+00:00,us-west-2
cloudformation-stack-168,CREATE_COMPLETE,2020-07-15 09:18:06.245000+00:00,us-west-2
cloudformation-stack-169,CREATE_COMPLETE,2020-07-15 09:05:58.243000+00:00,us-west-2
cloudformation-stack-170,CREATE_COMPLETE,2020-07-15 09:03:29.448000+00:00,us-west-2
cloudformation-stack-171,CREATE_COMPLETE,2020-07-13 19:02:50.795000+00:00,us-west-2
cloudformation-stack-172,CREATE_COMPLETE,2020-07-13 18:56:57.361000+00:00,us-west-2
cloudformation-stack-173,CREATE_COMPLETE,2020-07-13 18:54:27.321000+00:00,us-west-2
cloudformation-stack-174,CREATE_COMPLETE,2020-07-08 03:49:37.096000+00:00,us-west-2
cloudformation-stack-175,CREATE_COMPLETE,2020-07-08 03:43:44.431000+00:00,us-west-2
cloudformation-stack-176,CREATE_COMPLETE,2020-07-08 03:41:16.056000+00:00,us-west-2
cloudformation-stack-177,CREATE_COMPLETE,2020-06-22 17:25:27.316000+00:00,us-west-2
cloudformation-stack-178,CREATE_COMPLETE,2020-06-22 17:12:41.938000+00:00,us-west-2
cloudformation-stack-179,CREATE_COMPLETE,2020-06-22 17:10:12.997000+00:00,us-west-2
cloudformation-stack-180,CREATE_COMPLETE,2020-06-11 17:32:44.560000+00:00,us-west-2
cloudformation-stack-181,CREATE_COMPLETE,2020-06-11 17:20:57.997000+00:00,us-west-2
cloudformation-stack-182,CREATE_COMPLETE,2020-06-11 16:40:13.389000+00:00,us-west-2
cloudformation-stack-183,CREATE_COMPLETE,2020-06-11 16:37:44.079000+00:00,us-west-2
cloudformation-stack-184,CREATE_COMPLETE,2020-06-09 22:42:23.742000+00:00,us-west-2
cloudformation-stack-185,CREATE_COMPLETE,2020-06-09 22:39:54.930000+00:00,us-west-2
cloudformation-stack-186,CREATE_COMPLETE,2020-06-09 21:35:10.111000+00:00,us-west-2
cloudformation-stack-187,CREATE_COMPLETE,2020-06-09 21:32:39.521000+00:00,us-west-2
cloudformation-stack-188,CREATE_COMPLETE,2020-06-09 14:48:53.391000+00:00,us-west-2
cloudformation-stack-189,CREATE_COMPLETE,2020-06-09 14:33:38.730000+00:00,us-west-2
cloudformation-stack-190,CREATE_COMPLETE,2020-06-09 14:31:09.836000+00:00,us-west-2
cloudformation-stack-191,CREATE_COMPLETE,2020-06-08 18:58:15.303000+00:00,us-west-2
cloudformation-stack-192,CREATE_COMPLETE,2020-06-08 18:53:04.102000+00:00,us-west-2
cloudformation-stack-193,CREATE_COMPLETE,2020-06-08 18:50:24.107000+00:00,us-west-2
cloudformation-stack-194,CREATE_COMPLETE,2020-06-07 01:08:10.567000+00:00,us-west-2
cloudformation-stack-195,CREATE_COMPLETE,2020-06-07 00:56:20.081000+00:00,us-west-2
cloudformation-stack-196,CREATE_COMPLETE,2020-06-07 00:53:52.798000+00:00,us-west-2
cloudformation-stack-197,CREATE_COMPLETE,2020-06-06 19:25:30.101000+00:00,us-west-2
cloudformation-stack-198,CREATE_COMPLETE,2020-06-06 19:13:18.561000+00:00,us-west-2
cloudformation-stack-199,CREATE_COMPLETE,2020-06-06 19:13:17.584000+00:00,us-west-2
cloudformation-stack-200,CREATE_COMPLETE,2020-06-06 19:10:37.494000+00:00,us-west-2
cloudformation-stack-201,CREATE_COMPLETE,2020-06-06 19:08:27.200000+00:00,us-west-2
cloudformation-stack-202,CREATE_COMPLETE,2020-06-06 19:05:59.511000+00:00,us-west-2
cloudformation-stack-203,CREATE_COMPLETE,2020-06-06 18:12:15.820000+00:00,us-west-2
cloudformation-stack-204,CREATE_COMPLETE,2020-06-06 18:07:44.188000+00:00,us-west-2
cloudformation-stack-205,CREATE_COMPLETE,2020-06-06 18:05:15.849000+00:00,us-west-2
cloudformation-stack-206,CREATE_COMPLETE,2020-06-04 20:23:26.672000+00:00,us-west-2
cloudformation-stack-207,CREATE_COMPLETE,2020-06-04 20:18:44.898000+00:00,us-west-2
cloudformation-stack-208,CREATE_COMPLETE,2020-06-04 20:16:16.264000+00:00,us-west-2
cloudformation-stack-209,CREATE_COMPLETE,2020-05-26 20:32:22.392000+00:00,us-west-2
cloudformation-stack-210,CREATE_COMPLETE,2020-05-26 20:20:43.172000+00:00,us-west-2
cloudformation-stack-211,CREATE_COMPLETE,2020-05-26 20:18:15.060000+00:00,us-west-2
cloudformation-stack-212,CREATE_COMPLETE,2020-05-26 17:41:18.151000+00:00,us-west-2
cloudformation-stack-213,CREATE_COMPLETE,2020-05-26 17:30:19.925000+00:00,us-west-2
cloudformation-stack-214,CREATE_COMPLETE,2020-05-26 17:17:45.616000+00:00,us-west-2
cloudformation-stack-215,CREATE_COMPLETE,2020-05-26 17:15:17.166000+00:00,us-west-2
cloudformation-stack-216,CREATE_COMPLETE,2020-05-22 22:53:43.811000+00:00,us-west-2
cloudformation-stack-217,CREATE_COMPLETE,2020-05-22 22:37:56.214000+00:00,us-west-2
cloudformation-stack-218,CREATE_COMPLETE,2020-05-22 03:54:42.966000+00:00,us-west-2
cloudformation-stack-219,CREATE_COMPLETE,2020-05-22 03:41:52.761000+00:00,us-west-2
cloudformation-stack-220,CREATE_COMPLETE,2020-05-22 03:39:24.182000+00:00,us-west-2
cloudformation-stack-221,CREATE_COMPLETE,2020-05-21 05:36:53.909000+00:00,us-west-2
cloudformation-stack-222,CREATE_COMPLETE,2020-05-21 05:25:03.427000+00:00,us-west-2
cloudformation-stack-223,CREATE_COMPLETE,2020-05-21 05:22:35.236000+00:00,us-west-2
cloudformation-stack-224,CREATE_COMPLETE,2020-05-19 05:28:31.473000+00:00,us-west-2
cloudformation-stack-225,CREATE_COMPLETE,2020-05-18 08:15:30.454000+00:00,us-west-2
cloudformation-stack-226,CREATE_COMPLETE,2020-05-18 08:13:02.549000+00:00,us-west-2
cloudformation-stack-227,CREATE_COMPLETE,2020-05-14 23:06:58.343000+00:00,us-west-2
cloudformation-stack-228,CREATE_COMPLETE,2020-05-14 23:01:48.007000+00:00,us-west-2
cloudformation-stack-229,CREATE_COMPLETE,2020-05-14 22:59:20.091000+00:00,us-west-2
cloudformation-stack-230,CREATE_COMPLETE,2020-05-13 11:56:26.578000+00:00,us-west-2
cloudformation-stack-231,CREATE_COMPLETE,2020-05-13 11:45:06.617000+00:00,us-west-2
cloudformation-stack-232,CREATE_COMPLETE,2020-05-13 11:42:38.661000+00:00,us-west-2
cloudformation-stack-233,CREATE_COMPLETE,2020-04-23 05:46:56.093000+00:00,us-west-2
cloudformation-stack-234,CREATE_COMPLETE,2020-04-23 05:23:07.656000+00:00,us-west-2
cloudformation-stack-235,CREATE_COMPLETE,2020-04-23 05:20:39.840000+00:00,us-west-2
cloudformation-stack-236,CREATE_COMPLETE,2020-04-22 14:46:20.513000+00:00,us-west-2
cloudformation-stack-237,CREATE_COMPLETE,2020-04-22 14:43:51.200000+00:00,us-west-2
cloudformation-stack-238,CREATE_COMPLETE,2020-04-21 06:08:42.595000+00:00,us-west-2
cloudformation-stack-239,CREATE_COMPLETE,2020-04-21 05:58:04.372000+00:00,us-west-2
cloudformation-stack-240,CREATE_COMPLETE,2020-04-21 05:55:37.080000+00:00,us-west-2
cloudformation-stack-241,CREATE_COMPLETE,2020-04-20 16:26:30.524000+00:00,us-west-2
cloudformation-stack-242,CREATE_COMPLETE,2020-04-20 16:14:51.301000+00:00,us-west-2
cloudformation-stack-243,CREATE_COMPLETE,2020-04-20 16:12:23.360000+00:00,us-west-2
cloudformation-stack-244,CREATE_COMPLETE,2020-04-15 16:42:09.291000+00:00,us-west-2
cloudformation-stack-245,CREATE_COMPLETE,2020-04-15 16:31:40.729000+00:00,us-west-2
cloudformation-stack-246,CREATE_COMPLETE,2020-04-15 16:29:13.430000+00:00,us-west-2
cloudformation-stack-247,DELETE_FAILED,2020-04-03 09:42:52.905000+00:00,us-west-2
cloudformation-stack-248,CREATE_COMPLETE,2020-04-03 09:30:41.862000+00:00,us-west-2
cloudformation-stack-249,CREATE_COMPLETE,2020-04-03 09:28:15.448000+00:00,us-west-2
cloudformation-stack-250,CREATE_COMPLETE,2020-03-17 15:30:30.217000+00:00,us-west-2
cloudformation-stack-251,CREATE_COMPLETE,2020-03-17 15:17:21.700000+00:00,us-west-2
cloudformation-stack-252,CREATE_COMPLETE,2020-03-17 15:14:51.838000+00:00,us-west-2
cloudformation-stack-253,CREATE_COMPLETE,2020-03-17 14:55:03.624000+00:00,us-west-2
cloudformation-stack-254,CREATE_COMPLETE,2020-03-17 14:41:23.376000+00:00,us-west-2
cloudformation-stack-255,CREATE_COMPLETE,2020-03-17 14:38:53.372000+00:00,us-west-2
cloudformation-stack-256,CREATE_COMPLETE,2020-02-28 18:29:24.714000+00:00,us-west-2
cloudformation-stack-257,CREATE_COMPLETE,2020-02-28 18:15:20.161000+00:00,us-west-2
cloudformation-stack-258,CREATE_COMPLETE,2020-02-28 18:12:50.149000+00:00,us-west-2
cloudformation-stack-259,CREATE_COMPLETE,2020-02-24 10:09:24.276000+00:00,us-west-2
cloudformation-stack-260,CREATE_COMPLETE,2020-02-24 09:56:49.941000+00:00,us-west-2
cloudformation-stack-261,CREATE_COMPLETE,2020-02-24 09:54:22.107000+00:00,us-west-2
cloudformation-stack-262,CREATE_COMPLETE,2020-02-12 17:03:24.885000+00:00,us-west-2
cloudformation-stack-263,CREATE_COMPLETE,2020-02-12 16:28:08.809000+00:00,us-west-2
cloudformation-stack-264,CREATE_COMPLETE,2020-02-10 11:27:14.943000+00:00,us-west-2
cloudformation-stack-265,CREATE_COMPLETE,2020-02-10 11:13:51.065000+00:00,us-west-2
cloudformation-stack-266,CREATE_COMPLETE,2020-02-10 11:11:23.167000+00:00,us-west-2
cloudformation-stack-267,CREATE_COMPLETE,2020-02-05 16:58:18.976000+00:00,us-west-2
cloudformation-stack-268,CREATE_COMPLETE,2019-12-30 20:12:26.293000+00:00,us-west-2
cloudformation-stack-269,CREATE_COMPLETE,2019-12-30 20:01:41.421000+00:00,us-west-2
cloudformation-stack-270,CREATE_COMPLETE,2019-12-30 19:59:12.561000+00:00,us-west-2
cloudformation-stack-271,CREATE_COMPLETE,2019-12-17 20:58:55.541000+00:00,us-west-2
cloudformation-stack-272,CREATE_COMPLETE,2019-12-17 20:50:06.357000+00:00,us-west-2
cloudformation-stack-273,CREATE_COMPLETE,2019-12-17 20:36:27.233000+00:00,us-west-2
cloudformation-stack-274,CREATE_COMPLETE,2019-12-17 20:33:54.862000+00:00,us-west-2
cloudformation-stack-275,CREATE_COMPLETE,2019-11-13 16:45:15.267000+00:00,us-west-2
cloudformation-stack-276,CREATE_COMPLETE,2019-11-13 16:18:28.028000+00:00,us-west-2
cloudformation-stack-277,CREATE_COMPLETE,2019-11-12 23:31:58.189000+00:00,us-west-2
cloudformation-stack-278,CREATE_COMPLETE,2019-11-12 23:18:01.262000+00:00,us-west-2
cloudformation-stack-279,CREATE_COMPLETE,2019-11-12 23:15:28.565000+00:00,us-west-2
cloudformation-stack-280,CREATE_COMPLETE,2019-11-12 16:50:43.047000+00:00,us-west-2
cloudformation-stack-281,UPDATE_COMPLETE,2019-11-06 22:23:06.269000+00:00,us-west-2
cloudformation-stack-282,CREATE_COMPLETE,2019-11-06 15:31:26.452000+00:00,us-west-2
cloudformation-stack-283,CREATE_COMPLETE,2019-11-06 13:58:07.600000+00:00,us-west-2
cloudformation-stack-284,CREATE_COMPLETE,2019-11-05 20:51:21.077000+00:00,us-west-2
cloudformation-stack-285,CREATE_COMPLETE,2019-11-01 13:09:02.423000+00:00,us-west-2
cloudformation-stack-286,CREATE_COMPLETE,2019-10-29 20:45:32.547000+00:00,us-west-2
cloudformation-stack-287,CREATE_COMPLETE,2019-10-22 15:17:11.267000+00:00,us-west-2
cloudformation-stack-288,CREATE_COMPLETE,2019-09-10 14:50:16.713000+00:00,us-west-2
cloudformation-stack-289,CREATE_COMPLETE,2019-09-04 21:59:55.774000+00:00,us-west-2
cloudformation-stack-290,CREATE_COMPLETE,2019-09-04 21:50:54.204000+00:00,us-west-2
cloudformation-stack-291,CREATE_COMPLETE,2019-09-04 21:37:01.170000+00:00,us-west-2
cloudformation-stack-292,CREATE_COMPLETE,2019-09-04 21:34:19.010000+00:00,us-west-2
cloudformation-stack-293,CREATE_COMPLETE,2019-08-27 20:13:42.290000+00:00,us-west-2
cloudformation-stack-294,CREATE_COMPLETE,2019-08-27 20:04:35.924000+00:00,us-west-2
cloudformation-stack-295,CREATE_COMPLETE,2019-08-27 19:52:45.260000+00:00,us-west-2
cloudformation-stack-296,CREATE_COMPLETE,2019-08-27 19:49:59.627000+00:00,us-west-2
cloudformation-stack-297,CREATE_COMPLETE,2019-08-20 14:25:05.119000+00:00,us-west-2
cloudformation-stack-298,CREATE_COMPLETE,2019-08-09 20:25:46.083000+00:00,us-west-2
cloudformation-stack-299,CREATE_COMPLETE,2019-08-09 20:12:50.336000+00:00,us-west-2
cloudformation-stack-300,CREATE_COMPLETE,2019-08-09 19:56:34.180000+00:00,us-west-2
cloudformation-stack-301,CREATE_COMPLETE,2019-08-09 19:53:49.468000+00:00,us-west-2
cloudformation-stack-302,CREATE_COMPLETE,2019-08-08 03:00:10.333000+00:00,us-west-2
cloudformation-stack-303,CREATE_COMPLETE,2019-08-08 02:48:14.608000+00:00,us-west-2
cloudformation-stack-304,CREATE_COMPLETE,2019-08-08 02:33:35.102000+00:00,us-west-2
cloudformation-stack-305,CREATE_COMPLETE,2019-08-08 02:30:49.994000+00:00,us-west-2
cloudformation-stack-306,CREATE_COMPLETE,2019-08-07 20:08:19.359000+00:00,us-west-2
cloudformation-stack-307,CREATE_COMPLETE,2019-08-07 19:54:52.471000+00:00,us-west-2
cloudformation-stack-308,CREATE_COMPLETE,2019-08-07 19:52:04.308000+00:00,us-west-2
cloudformation-stack-309,CREATE_COMPLETE,2019-08-06 21:51:15.516000+00:00,us-west-2
cloudformation-stack-310,CREATE_COMPLETE,2019-08-06 21:38:13.474000+00:00,us-west-2
cloudformation-stack-311,CREATE_COMPLETE,2019-08-06 21:24:48.202000+00:00,us-west-2
cloudformation-stack-312,CREATE_COMPLETE,2019-08-06 21:20:53.768000+00:00,us-west-2
cloudformation-stack-313,CREATE_COMPLETE,2019-07-24 23:54:28.625000+00:00,us-west-2
cloudformation-stack-314,CREATE_COMPLETE,2019-07-24 23:50:17.310000+00:00,us-west-2
cloudformation-stack-315,CREATE_COMPLETE,2019-07-24 23:47:28.280000+00:00,us-west-2
cloudformation-stack-316,CREATE_COMPLETE,2019-07-13 20:34:57.464000+00:00,us-west-2
cloudformation-stack-317,CREATE_COMPLETE,2019-07-09 13:58:23.877000+00:00,us-west-2
cloudformation-stack-318,CREATE_COMPLETE,2019-07-09 13:55:48.852000+00:00,us-west-2
cloudformation-stack-319,CREATE_COMPLETE,2019-07-08 20:23:00.578000+00:00,us-west-2
cloudformation-stack-320,CREATE_COMPLETE,2019-07-08 20:06:31.439000+00:00,us-west-2
cloudformation-stack-321,UPDATE_COMPLETE,2019-07-08 19:52:28.104000+00:00,us-west-2
cloudformation-stack-322,UPDATE_COMPLETE,2019-07-08 19:49:53.905000+00:00,us-west-2
cloudformation-stack-323,CREATE_COMPLETE,2019-06-25 20:06:52.653000+00:00,us-west-2
cloudformation-stack-324,UPDATE_COMPLETE,2019-06-25 19:00:17.951000+00:00,us-west-2
cloudformation-stack-325,UPDATE_COMPLETE,2019-06-25 18:48:20.623000+00:00,us-west-2
cloudformation-stack-326,UPDATE_COMPLETE,2019-06-25 18:45:49.427000+00:00,us-west-2
cloudformation-stack-327,CREATE_COMPLETE,2019-06-17 18:00:11.655000+00:00,us-west-2
cloudformation-stack-328,CREATE_COMPLETE,2019-06-17 17:56:47.883000+00:00,us-west-2
cloudformation-stack-329,CREATE_COMPLETE,2019-06-17 17:53:18.842000+00:00,us-west-2
cloudformation-stack-330,CREATE_COMPLETE,2019-05-06 18:41:15.758000+00:00,us-west-2
cloudformation-stack-331,UPDATE_COMPLETE,2019-05-06 17:53:20.688000+00:00,us-west-2
cloudformation-stack-332,UPDATE_COMPLETE,2019-05-06 17:38:54.755000+00:00,us-west-2
cloudformation-stack-333,UPDATE_COMPLETE,2019-05-06 17:36:17.734000+00:00,us-west-2
cloudformation-stack-334,CREATE_COMPLETE,2019-02-18 14:40:43.565000+00:00,us-west-2
cloudformation-stack-335,CREATE_COMPLETE,2019-02-18 14:29:45.669000+00:00,us-west-2
cloudformation-stack-336,CREATE_COMPLETE,2019-02-18 14:19:29.194000+00:00,us-west-2
cloudformation-stack-337,CREATE_COMPLETE,2019-02-18 14:16:54.386000+00:00,us-west-2
cloudformation-stack-338,CREATE_COMPLETE,2019-01-18 21:04:53.267000+00:00,us-west-2
cloudformation-stack-339,CREATE_COMPLETE,2019-01-18 20:54:05.718000+00:00,us-west-2
cloudformation-stack-340,CREATE_COMPLETE,2019-01-18 20:45:41.305000+00:00,us-west-2
cloudformation-stack-341,CREATE_COMPLETE,2019-01-18 20:43:14.902000+00:00,us-west-2
cloudformation-stack-342,CREATE_COMPLETE,2018-09-07 02:01:20.142000+00:00,us-west-2
cloudformation-stack-343,CREATE_COMPLETE,2018-09-07 01:49:04.012000+00:00,us-west-2
cloudformation-stack-344,CREATE_COMPLETE,2018-09-07 01:46:32.061000+00:00,us-west-2
cloudformation-stack-345,CREATE_COMPLETE,2018-09-05 15:00:36.516000+00:00,us-west-2
cloudformation-stack-346,CREATE_COMPLETE,2018-09-05 14:50:50.733000+00:00,us-west-2
cloudformation-stack-347,CREATE_COMPLETE,2018-09-05 14:39:34.527000+00:00,us-west-2
cloudformation-stack-348,CREATE_COMPLETE,2018-09-05 14:37:03.448000+00:00,us-west-2
cloudformation-stack-349,CREATE_COMPLETE,2020-11-18 01:38:14.711000+00:00,us-east-1
cloudformation-stack-350,CREATE_COMPLETE,2020-11-18 01:35:48.975000+00:00,us-east-1
cloudformation-stack-351,UPDATE_COMPLETE,2019-02-18 23:27:38.183000+00:00,us-east-1
cloudformation-stack-352,UPDATE_COMPLETE,2019-02-15 16:53:16.170000+00:00,us-east-1
cloudformation-stack-353,CREATE_COMPLETE,2018-10-15 19:19:43.141000+00:00,us-east-1
cloudformation-stack-354,CREATE_COMPLETE,2018-10-15 19:17:15.268000+00:00,us-east-1
cloudformation-stack-355,DELETE_FAILED,2018-11-14 16:22:13.110000+00:00,us-east-2
